<?xml version="1.0" encoding="UTF-8"?>
<addon id="plugin.video.wachtv" name="WACHTV" version="1.5" provider-name="WAPITO">
  <requires>
     <import addon="xbmc.python" version="2.1.0"/>
  </requires>
  <extension point="xbmc.python.pluginsource" library="init.py">
        <provides>video</provides>
  </extension>
  <extension point="xbmc.addon.metadata">
    <summary lang="en"></summary>
    <website></website>
    <description lang="en">EL MEJOR SOPORTE IPTV PARA EL MUNDO</description>
    <forum></forum>
    <email></email>
    <disclaimer lang="es">EL MEJOR SOPORTE IPTV PARA EL MUNDO</disclaimer>
    <platform>all</platform>
  </extension>
</addon>
